Hair,Eyes,Gender
Black,Brown,Male
Blond,Blue,Female
Black,Blue,Male
Brunette,Brown,Female
Red,Brown,Male
Brunette,Blue,Male
Red,Green,Male
Brunette,Blue,Male
Blond,Hazel,Male
Black,Brown,Male
Red,Brown,Male
Brunette,Blue,Female
Blond,Blue,Male
Blond,Hazel,Male
Brunette,Blue,Male
Brunette,Brown,Male
Blond,Brown,Male
Brunette,Brown,Male
Brunette,Blue,Male
Brunette,Blue,Female
Blond,Blue,Male
Brunette,Brown,Female
Brunette,Brown,Female
Black,Brown,Female
Brunette,Brown,Female
Brunette,Blue,Female
Brunette,Hazel,Female
Black,Hazel,Male
Black,Brown,Female
Brunette,Hazel,Male
Black,Brown,Female
Blond,Blue,Female
Red,Brown,Female
Brunette,Brown,Female
Brunette,Green,Female
Brunette,Hazel,Male
Brunette,Green,Male
Red,Hazel,Female
Black,Blue,Male
Brunette,Hazel,Female
Blond,Blue,Male
Blond,Blue,Female
Red,Green,Female
Red,Hazel,Female
Brunette,Blue,Male
Brunette,Brown,Male
Blond,Green,Male
Brunette,Hazel,Female
Blond,Blue,Female
Black,Brown,Male
Red,Hazel,Male
Blond,Blue,Female
Red,Brown,Female
Black,Green,Male
Brunette,Brown,Female
Red,Brown,Female
Blond,Blue,Female
Brunette,Brown,Female
Brunette,Blue,Male
Brunette,Hazel,Female
Black,Brown,Male
Blond,Blue,Male
Brunette,Brown,Female
Brunette,Blue,Male
Brunette,Brown,Female
Blond,Blue,Female
Brunette,Brown,Male
Red,Brown,Female
Brunette,Brown,Female
Blond,Blue,Male
Blond,Hazel,Female
Brunette,Hazel,Female
Black,Brown,Female
Brunette,Blue,Female
Black,Hazel,Female
Black,Hazel,Female
Brunette,Green,Female
Brunette,Blue,Male
Red,Green,Female
Red,Brown,Female
Brunette,Blue,Female
Blond,Blue,Female
Brunette,Brown,Male
Brunette,Blue,Male
Brunette,Blue,Female
Brunette,Green,Male
Red,Green,Female
Blond,Blue,Female
Blond,Blue,Female
Blond,Blue,Female
Blond,Blue,Female
Brunette,Brown,Male
Brunette,Brown,Female
Black,Brown,Male
Brunette,Blue,Male
Brunette,Brown,Female
Brunette,Blue,Male
Brunette,Brown,Female
Brunette,Brown,Female
Brunette,Brown,Female
Brunette,Brown,Female
Blond,Blue,Male
Blond,Green,Female
Brunette,Brown,Male
Brunette,Brown,Female
Red,Hazel,Male
Brunette,Blue,Female
Brunette,Brown,Female
Brunette,Brown,Female
Blond,Green,Male
Blond,Green,Female
Blond,Blue,Female
Brunette,Blue,Male
Black,Brown,Male
Black,Brown,Female
Brunette,Brown,Female
Black,Blue,Male
Red,Brown,Female
Blond,Blue,Male
Black,Hazel,Male
Black,Brown,Male
Black,Hazel,Male
Red,Hazel,Female
Brunette,Hazel,Female
Brunette,Green,Male
Red,Hazel,Female
Blond,Blue,Female
Brunette,Blue,Female
Red,Green,Male
Brunette,Green,Female
Red,Hazel,Male
Brunette,Green,Male
Black,Hazel,Female
Black,Brown,Male
Black,Hazel,Male
Black,Brown,Female
Brunette,Hazel,Male
Brunette,Blue,Female
Brunette,Green,Male
Blond,Blue,Female
Brunette,Blue,Female
Blond,Blue,Female
Brunette,Brown,Female
Brunette,Brown,Female
Brunette,Brown,Female
Blond,Brown,Female
Brunette,Brown,Female
Black,Brown,Male
Brunette,Brown,Female
Brunette,Green,Male
Red,Brown,Male
Blond,Blue,Female
Blond,Blue,Male
Black,Brown,Female
Black,Blue,Female
Black,Brown,Female
Brunette,Brown,Female
Blond,Blue,Male
Blond,Blue,Male
Red,Blue,Male
Blond,Blue,Male
Blond,Green,Male
Brunette,Brown,Male
Black,Brown,Female
Brunette,Brown,Male
Brunette,Hazel,Male
Brunette,Brown,Female
Brunette,Hazel,Female
Black,Brown,Male
Blond,Green,Male
Black,Brown,Female
Brunette,Brown,Female
Brunette,Blue,Female
Brunette,Brown,Female
Brunette,Blue,Female
Brunette,Blue,Female
Black,Brown,Male
Black,Brown,Female
Brunette,Green,Male
Brunette,Blue,Female
Black,Blue,Male
Blond,Blue,Male
Brunette,Brown,Male
Black,Brown,Female
Blond,Blue,Male
Brunette,Blue,Female
Blond,Blue,Female
Blond,Blue,Female
Brunette,Brown,Female
Blond,Blue,Female
Brunette,Blue,Male
Brunette,Blue,Female
Brunette,Hazel,Male
Brunette,Brown,Female
Blond,Blue,Female
Red,Brown,Female
Brunette,Brown,Female
Brunette,Brown,Female
Blond,Blue,Female
Black,Blue,Female
Brunette,Blue,Male
Blond,Blue,Female
Brunette,Blue,Male
Brunette,Blue,Male
Brunette,Green,Female
Red,Hazel,Male
Brunette,Blue,Male
Brunette,Hazel,Female
Black,Brown,Male
Brunette,Blue,Male
Brunette,Blue,Male
Blond,Green,Female
Brunette,Hazel,Male
Red,Hazel,Female
Brunette,Brown,Male
Black,Brown,Female
Blond,Hazel,Female
Brunette,Hazel,Male
Brunette,Green,Female
Red,Green,Female
Blond,Blue,Female
Black,Blue,Female
Black,Brown,Female
Blond,Blue,Female
Blond,Green,Male
Brunette,Brown,Male
Black,Brown,Female
Red,Brown,Female
Black,Brown,Female
Black,Brown,Female
Brunette,Blue,Female
Blond,Blue,Female
Blond,Blue,Female
Red,Blue,Female
Red,Blue,Female
Brunette,Brown,Female
Brunette,Blue,Male
Blond,Green,Female
Brunette,Brown,Male
Blond,Blue,Female
Brunette,Brown,Female
Brunette,Green,Male
Black,Brown,Male
Red,Green,Female
Blond,Blue,Female
Brunette,Brown,Female
Brunette,Blue,Male
Black,Brown,Male
Brunette,Brown,Male
Brunette,Hazel,Male
Blond,Blue,Male
Brunette,Blue,Male
Red,Hazel,Female
Blond,Green,Female
Brunette,Brown,Female
Red,Brown,Male
Brunette,Green,Male
Brunette,Brown,Male
Brunette,Brown,Female
Brunette,Green,Female
Brunette,Hazel,Female
Red,Brown,Female
Brunette,Blue,Male
Brunette,Hazel,Female
Red,Blue,Male
Brunette,Blue,Male
Black,Brown,Male
Brunette,Hazel,Male
Blond,Green,Male
Brunette,Hazel,Male
Brunette,Brown,Female
Brunette,Brown,Male
Brunette,Blue,Female
Brunette,Brown,Male
Brunette,Blue,Female
Red,Brown,Female
Brunette,Hazel,Male
Brunette,Brown,Female
Blond,Blue,Female
Brunette,Brown,Female
Blond,Hazel,Female
Red,Brown,Male
Brunette,Blue,Female
Brunette,Blue,Male
Brunette,Brown,Female
Brunette,Brown,Female
Blond,Green,Female
Brunette,Hazel,Male
Brunette,Blue,Male
Blond,Blue,Male
Black,Brown,Female
Brunette,Brown,Female
Blond,Blue,Male
Red,Green,Male
Brunette,Brown,Female
Black,Blue,Male
Brunette,Brown,Female
Black,Hazel,Female
Black,Green,Female
Brunette,Hazel,Male
Blond,Blue,Female
Brunette,Brown,Male
Brunette,Brown,Female
Brunette,Brown,Male
Brunette,Brown,Male
Brunette,Brown,Female
Brunette,Blue,Male
Black,Blue,Female
Brunette,Hazel,Male
Blond,Blue,Female
Blond,Blue,Female
Brunette,Brown,Female
Black,Blue,Male
Brunette,Hazel,Female
Black,Brown,Female
Brunette,Green,Female
Brunette,Green,Female
Red,Blue,Female
Black,Hazel,Male
Red,Blue,Male
Brunette,Brown,Female
Brunette,Brown,Female
Black,Brown,Male
Red,Brown,Female
Brunette,Brown,Female
Brunette,Blue,Male
Brunette,Hazel,Female
Blond,Green,Male
Brunette,Brown,Male
Black,Green,Male
Black,Brown,Female
Red,Blue,Male
Brunette,Blue,Male
Blond,Hazel,Female
Brunette,Hazel,Male
Brunette,Blue,Female
Red,Brown,Female
Black,Brown,Female
Black,Brown,Male
Black,Brown,Male
Black,Blue,Male
Brunette,Brown,Female
Brunette,Hazel,Female
Blond,Blue,Female
Red,Brown,Female
Red,Brown,Male
Brunette,Hazel,Female
Blond,Blue,Female
Brunette,Brown,Female
Brunette,Brown,Female
Brunette,Green,Female
Red,Green,Male
Red,Brown,Male
Red,Brown,Male
Black,Brown,Female
Brunette,Blue,Female
Brunette,Brown,Female
Brunette,Brown,Female
Black,Brown,Female
Brunette,Hazel,Female
Black,Brown,Male
Red,Green,Male
Blond,Blue,Female
Brunette,Blue,Male
Black,Blue,Female
Brunette,Blue,Female
Black,Brown,Female
Brunette,Brown,Male
Red,Hazel,Male
Black,Hazel,Male
Brunette,Hazel,Female
Brunette,Hazel,Male
Brunette,Blue,Male
Brunette,Blue,Male
Brunette,Green,Female
Red,Brown,Male
Brunette,Brown,Female
Brunette,Hazel,Female
Brunette,Hazel,Female
Blond,Blue,Female
Brunette,Brown,Male
Red,Green,Male
Blond,Blue,Female
Brunette,Brown,Male
Black,Brown,Female
Black,Brown,Male
Red,Brown,Female
Blond,Green,Female
Blond,Blue,Male
Black,Brown,Male
Red,Blue,Male
Black,Brown,Female
Brunette,Hazel,Male
Black,Brown,Male
Brunette,Brown,Female
Brunette,Brown,Male
Brunette,Hazel,Male
Red,Hazel,Male
Blond,Blue,Male
Brunette,Hazel,Female
Brunette,Brown,Female
Black,Blue,Male
Brunette,Hazel,Female
Brunette,Blue,Male
Brunette,Blue,Female
Black,Green,Female
Blond,Green,Female
Brunette,Brown,Female
Brunette,Blue,Male
Brunette,Brown,Male
Black,Brown,Male
Blond,Blue,Female
Brunette,Brown,Male
Blond,Hazel,Female
Brunette,Brown,Female
Brunette,Blue,Male
Brunette,Brown,Female
Blond,Green,Male
Blond,Blue,Female
Red,Brown,Male
Black,Hazel,Male
Black,Brown,Female
Blond,Blue,Male
Brunette,Brown,Male
Blond,Blue,Female
Brunette,Green,Male
Black,Brown,Female
Black,Blue,Female
Brunette,Blue,Male
Brunette,Hazel,Male
Brunette,Blue,Male
Blond,Blue,Male
Brunette,Blue,Male
Brunette,Brown,Female
Brunette,Blue,Female
Brunette,Brown,Female
Brunette,Green,Female
Black,Brown,Female
Blond,Brown,Female
Red,Blue,Female
Brunette,Blue,Male
Black,Brown,Male
Black,Blue,Female
Blond,Blue,Female
Red,Blue,Female
Brunette,Green,Male
Black,Brown,Female
Brunette,Brown,Female
Brunette,Hazel,Female
Red,Blue,Male
Red,Blue,Male
Brunette,Brown,Male
Black,Hazel,Male
Brunette,Blue,Male
Blond,Blue,Female
Blond,Blue,Female
Red,Blue,Male
Blond,Blue,Female
Blond,Hazel,Male
Black,Brown,Female
Brunette,Brown,Male
Blond,Hazel,Male
Brunette,Blue,Female
Brunette,Brown,Male
Blond,Blue,Female
Black,Brown,Female
Black,Green,Male
Blond,Blue,Female
Brunette,Blue,Female
Red,Blue,Male
Brunette,Blue,Male
Brunette,Hazel,Male
Brunette,Brown,Female
Brunette,Brown,Male
Black,Blue,Male
Brunette,Brown,Female
Blond,Blue,Female
Brunette,Blue,Female
Brunette,Green,Female
Brunette,Brown,Female
Brunette,Brown,Female
Brunette,Hazel,Male
Black,Hazel,Male
Brunette,Blue,Female
Blond,Blue,Female
Brunette,Brown,Female
Brunette,Blue,Male
Blond,Blue,Female
Blond,Blue,Male
Brunette,Green,Male
Red,Hazel,Female
Brunette,Hazel,Female
Brunette,Brown,Female
Blond,Brown,Female
Brunette,Blue,Male
Blond,Blue,Male
Blond,Blue,Female
Black,Brown,Female
Red,Green,Female
Brunette,Blue,Female
Black,Brown,Male
Black,Brown,Female
Brunette,Hazel,Male
Brunette,Brown,Female
Brunette,Blue,Male
Brunette,Blue,Male
Brunette,Green,Male
Brunette,Brown,Female
Red,Brown,Female
Blond,Blue,Male
Black,Brown,Male
Brunette,Hazel,Female
Brunette,Blue,Female
Brunette,Blue,Female
Black,Brown,Male
Brunette,Hazel,Female
Red,Blue,Female
Black,Blue,Female
Brunette,Brown,Male
Blond,Blue,Female
Blond,Blue,Female
Brunette,Green,Male
Black,Blue,Male
Black,Brown,Male
Brunette,Brown,Female
Blond,Brown,Male
Blond,Blue,Male
Red,Green,Male
Brunette,Brown,Male
Blond,Blue,Female
Brunette,Brown,Male
Blond,Blue,Male
Black,Brown,Male
Blond,Blue,Female
Brunette,Green,Female
Blond,Blue,Female
Brunette,Blue,Male
Black,Brown,Female
Blond,Blue,Male
Brunette,Green,Male
Red,Green,Female
Brunette,Brown,Male
Brunette,Brown,Female
Red,Blue,Female
Blond,Blue,Male
Brunette,Brown,Female
Brunette,Blue,Male
Blond,Hazel,Male
Brunette,Blue,Female
Blond,Blue,Female
Brunette,Blue,Male
Black,Hazel,Female
Blond,Blue,Female
Blond,Brown,Male
Brunette,Brown,Female
Blond,Blue,Male
Black,Blue,Female
Blond,Blue,Female
Brunette,Brown,Female
Blond,Blue,Female
Red,Brown,Female
Brunette,Brown,Male
Red,Blue,Male
Brunette,Hazel,Female
Blond,Blue,Male
Blond,Blue,Female
Black,Hazel,Male
Brunette,Brown,Male
Brunette,Brown,Female
Brunette,Hazel,Female
Brunette,Hazel,Male
Brunette,Hazel,Female
Black,Brown,Female
Black,Brown,Male
Blond,Blue,Female
Blond,Blue,Female
Red,Hazel,Male
Blond,Blue,Male
Brunette,Blue,Female
Brunette,Hazel,Female
Black,Blue,Male
Brunette,Green,Female
Brunette,Hazel,Male
Blond,Blue,Female
Black,Brown,Male
Brunette,Brown,Female
Black,Brown,Male
Blond,Brown,Female
Brunette,Blue,Male
Brunette,Hazel,Male
Brunette,Hazel,Female
Brunette,Blue,Male
